Number,Recent_1,Recent_1_with_bonus,Recent_50,Recent_50_with_bonus,Recent_100,Recent_100_with_bonus,Recent_150,Recent_150_with_bonus,Recent_200,Recent_200_with_bonus,Recent_250,Recent_250_with_bonus,Recent_300,Recent_300_with_bonus,Recent_350,Recent_350_with_bonus,Recent_400,Recent_400_with_bonus,Recent_450,Recent_450_with_bonus,Recent_500,Recent_500_with_bonus,Recent_550,Recent_550_with_bonus,Recent_600,Recent_600_with_bonus,Recent_650,Recent_650_with_bonus,Recent_700,Recent_700_with_bonus,Recent_750,Recent_750_with_bonus,Recent_800,Recent_800_with_bonus,Recent_850,Recent_850_with_bonus,Recent_900,Recent_900_with_bonus,Recent_950,Recent_950_with_bonus,Recent_1000,Recent_1000_with_bonus,Recent_1050,Recent_1050_with_bonus,Recent_1100,Recent_1100_with_bonus,All,All_with_bonus
1,0,0,6,7,12,15,17,20,26,31,31,37,36,42,43,49,48,55,55,63,61,70,68,78,74,86,82,96,88,102,95,110,105,121,115,131,124,141,131,149,140,160,147,170,153,181,158,190
2,0,0,4,7,5,8,11,16,22,28,30,36,35,43,39,49,47,57,58,68,61,73,71,84,79,94,81,98,86,103,93,112,97,116,104,126,106,130,115,140,124,151,130,159,140,169,146,178
3,1,1,10,13,18,22,24,30,30,36,40,46,46,55,51,62,58,70,66,79,75,89,77,92,83,99,88,106,93,113,99,121,102,125,109,135,118,144,128,154,132,158,141,167,152,179,157,186
4,0,0,5,8,12,16,14,20,23,29,30,38,37,46,41,52,45,60,54,70,60,76,66,83,74,92,81,100,92,114,97,120,101,125,107,134,113,141,122,152,129,162,139,172,145,178,152,186
5,0,0,4,5,6,8,14,17,16,21,21,29,26,35,33,42,39,49,44,54,52,64,59,71,67,82,77,92,79,95,84,102,94,113,104,123,112,132,122,143,129,151,134,156,140,163,144,167
6,1,1,11,13,21,24,29,34,36,41,42,49,47,55,51,62,62,73,68,81,76,90,84,100,90,108,97,117,101,122,109,132,111,135,115,139,124,149,128,153,133,159,138,165,145,175,154,187
7,0,0,10,12,19,21,25,28,32,39,39,46,43,51,46,55,54,64,61,71,74,86,82,94,90,102,96,109,99,112,106,120,112,131,116,135,123,143,128,154,132,159,141,168,148,176,157,185
8,0,0,3,6,8,11,14,17,16,21,23,28,28,33,32,37,38,43,45,50,53,58,62,69,70,77,76,84,88,97,93,103,101,112,106,118,115,128,120,136,127,144,131,152,139,161,144,167
9,0,0,5,5,8,8,16,17,24,26,28,31,33,38,41,48,46,55,50,60,54,65,60,72,62,74,67,80,70,83,79,94,83,100,90,108,99,117,102,120,107,127,112,134,114,136,121,145
10,0,0,7,7,13,15,15,19,21,26,28,34,33,41,41,50,50,60,62,76,69,83,72,86,80,94,84,101,93,111,100,118,110,128,116,136,121,144,125,149,131,156,140,166,148,175,153,180
11,0,0,9,10,15,16,24,27,30,33,36,41,39,44,48,54,55,62,63,71,75,84,81,91,87,97,92,105,95,110,105,120,114,130,118,134,124,142,136,154,143,161,151,171,154,176,158,182
12,0,0,8,9,14,18,27,31,33,37,39,44,45,53,58,67,71,83,77,89,84,97,89,104,98,114,109,128,116,136,121,142,127,148,132,154,140,165,147,173,152,178,158,185,165,192,168,195
13,1,1,12,12,18,18,22,22,31,31,40,41,46,48,57,60,60,64,68,74,73,82,81,95,89,104,97,112,108,125,115,132,120,138,129,147,134,153,142,163,151,173,155,179,158,183,166,192
14,0,0,7,7,15,16,25,26,32,35,38,43,44,49,53,59,59,65,63,70,69,78,76,86,86,97,93,106,99,112,107,121,114,128,124,138,132,146,141,155,147,163,152,168,160,179,165,186
15,1,1,8,9,10,16,20,28,26,35,33,42,39,48,44,55,52,64,58,70,70,83,77,93,83,99,89,105,96,112,102,118,110,128,117,136,124,143,130,150,134,157,139,163,151,175,154,179
16,1,1,9,9,16,17,23,25,31,34,40,43,46,49,54,58,63,70,70,79,74,85,84,96,89,102,92,105,96,110,101,118,112,129,119,139,123,143,129,150,135,159,139,164,148,173,154,181
17,0,0,6,6,10,14,18,23,24,29,30,36,41,50,46,56,53,65,59,72,67,80,73,86,81,97,88,104,93,110,99,117,106,125,119,139,123,145,131,154,133,157,143,171,152,181,161,191
18,0,0,0,1,10,12,19,22,26,30,36,41,45,50,55,62,62,70,68,77,73,86,84,98,89,103,95,109,101,116,106,121,113,129,120,136,128,145,133,150,146,164,151,170,156,175,165,184
19,0,0,11,11,20,20,26,28,27,30,33,36,41,45,47,53,58,64,67,74,73,80,83,90,86,93,88,96,92,100,98,107,105,117,114,127,122,136,129,144,141,157,147,165,152,172,158,178
20,0,0,7,9,13,15,20,23,26,30,33,40,37,45,39,48,43,54,47,60,52,68,58,74,71,88,78,95,88,108,98,119,108,130,118,141,124,148,135,160,140,166,147,173,153,180,159,186
21,0,0,8,8,17,17,22,23,32,33,40,42,45,47,53,55,63,66,73,78,78,84,87,94,91,99,95,104,98,108,105,117,112,126,119,135,123,139,133,151,141,159,145,163,150,171,157,179
22,1,1,4,7,15,18,23,26,29,32,38,41,46,50,48,53,52,59,57,65,59,67,65,74,68,79,76,89,84,98,95,109,106,120,109,124,110,125,116,132,120,137,128,145,134,151,136,153
23,0,0,1,3,11,13,15,18,23,26,31,34,38,45,41,48,43,50,51,59,54,63,63,74,67,80,77,91,87,101,93,107,96,112,103,121,107,125,111,130,114,133,122,141,127,147,136,156
24,0,0,5,7,14,17,18,22,29,36,35,42,40,50,46,58,56,69,62,76,67,82,74,90,81,98,87,106,94,115,100,122,110,134,113,140,123,151,132,161,138,168,141,171,151,181,153,183
25,0,0,3,3,6,6,12,13,18,19,22,23,30,32,38,41,40,43,43,47,51,56,58,64,66,74,71,79,79,89,83,94,93,105,99,113,103,119,110,126,116,132,122,139,130,147,140,158
26,0,0,8,10,15,17,23,26,30,35,32,42,41,52,49,62,55,68,57,71,63,78,69,85,76,92,86,104,93,111,102,121,111,134,116,140,119,144,125,151,132,158,138,165,145,174,155,186
27,0,0,4,5,11,14,17,20,22,26,31,36,37,42,39,48,45,54,52,61,62,72,72,83,77,88,88,99,98,112,107,123,114,132,118,136,129,149,136,157,141,164,149,174,156,183,162,191
28,0,0,9,11,16,18,19,24,25,33,30,39,40,49,49,58,55,64,63,72,70,79,75,86,82,96,86,101,90,105,99,115,105,121,110,126,114,133,121,140,126,147,137,159,139,162,142,165
29,0,0,6,7,10,12,21,23,29,31,34,37,38,43,46,52,51,58,57,65,63,71,66,75,71,82,79,90,87,99,93,105,103,116,108,121,113,126,117,130,123,136,130,144,140,154,143,158
30,0,0,11,12,22,24,26,29,31,36,37,45,42,50,52,62,59,71,67,80,68,83,73,90,78,96,83,102,91,111,100,122,104,128,109,133,115,140,118,144,126,154,133,162,138,168,146,177
31,0,0,9,9,14,17,20,25,27,32,33,39,39,47,47,55,56,65,60,71,66,78,74,87,80,94,88,105,96,114,102,121,108,128,112,132,124,144,132,153,137,160,142,167,147,172,155,182
32,0,1,4,9,13,18,20,28,23,34,29,41,38,54,42,58,45,65,50,71,54,75,58,81,66,89,76,100,83,107,85,111,90,116,98,125,105,135,110,141,115,148,120,153,127,160,133,167
33,0,0,11,12,20,22,26,29,33,38,40,46,45,51,55,63,61,70,72,81,83,92,89,99,97,111,103,117,108,124,114,131,117,136,124,146,129,152,136,160,142,168,149,176,158,187,165,195
34,0,0,10,11,16,19,25,30,30,37,36,44,45,53,50,60,60,71,68,79,75,87,82,94,89,101,100,114,107,122,118,134,123,139,136,153,141,160,145,166,158,179,168,189,174,195,177,200
35,0,0,5,6,16,17,26,28,34,38,41,48,46,53,51,60,56,65,62,73,66,79,72,87,81,96,88,103,94,109,99,115,105,122,109,127,114,133,121,143,129,153,136,163,141,170,150,179
36,0,0,5,6,10,14,18,23,26,32,34,41,39,48,46,55,54,66,61,75,68,82,74,88,76,91,82,97,89,105,93,111,99,118,106,125,112,133,118,139,125,147,136,159,147,170,152,176
37,0,0,9,9,15,17,21,24,31,34,35,41,43,49,46,52,49,56,57,65,62,71,66,76,73,85,79,92,89,103,95,109,101,116,105,121,118,135,128,146,135,154,142,162,146,169,160,183
38,0,0,9,9,18,19,23,24,27,31,37,41,45,52,55,63,62,72,65,76,77,88,83,95,92,105,98,112,106,120,113,128,115,132,122,141,131,151,137,160,140,163,142,167,147,175,155,183
39,0,0,2,2,3,4,10,13,17,20,25,30,39,44,47,53,54,60,58,66,66,75,76,85,80,90,86,97,92,105,98,111,102,115,110,125,117,132,126,143,136,153,139,157,146,167,153,177
40,0,0,9,10,18,20,22,25,28,34,33,40,38,46,43,51,47,56,50,60,57,69,64,79,73,89,81,98,91,109,101,120,114,133,114,135,122,144,129,151,136,158,142,164,151,173,163,185
41,0,0,5,6,9,11,17,19,25,28,30,33,37,41,40,44,49,55,59,66,65,72,70,78,78,88,85,96,92,104,97,110,100,113,105,119,113,128,116,131,125,141,131,147,136,152,140,157
42,0,0,4,4,7,8,14,16,22,24,29,32,37,41,47,54,55,62,59,67,66,75,69,79,74,85,81,93,85,99,88,103,94,109,102,118,109,126,112,130,121,140,133,153,137,158,145,168
43,0,0,4,4,11,12,13,14,18,20,26,29,37,41,48,52,56,61,61,68,69,78,76,85,83,95,92,106,100,119,106,126,112,134,121,145,127,152,131,159,136,165,143,176,150,185,158,193
44,0,0,8,8,13,17,20,26,28,35,37,44,45,52,49,56,52,60,62,72,71,82,77,89,85,97,91,104,97,112,105,123,111,129,116,134,120,139,130,150,134,156,140,162,149,171,154,178
45,0,0,5,6,17,19,26,29,31,34,35,39,43,48,54,59,62,67,71,78,75,85,81,91,88,98,92,103,97,108,102,115,110,124,124,139,133,150,136,153,148,165,157,174,161,179,164,182
